project;filename;line coverage;branch coverage
bfs;breadth_first_search.py;0.00;63.64
binheap;binheap.py;0.00;94.44
bst1;binary_search_tree.py;0.00;100.00
bst2;bst2.py;0.00;88.75
combinations;combinations.py;0.00;100.00
complement;complement.py;0.00;100.00
convert-base;convert_base.py;0.00;100.00
deque;deque.py;0.00;100.00
dfs;depth_first_search.py;0.00;100.00
dijkstras;dijkstras.py;0.00;0.00
dll;dll.py;0.00;97.22
edit-distance;edit_distance.py;0.00;86.36
factorial;factorial.py;0.00;100.00
fenwick;fenwick_tree.py;0.00;100.00
fibonacci;fibonacci.py;0.00;83.33
find-duplicates;find_duplicates.py;0.00;100.00
first-missing-positive;first_missing_positive.py;0.00;100.00
fizz-buzz;fizz_buzz.py;0.00;100.00
graph1;graph1.py;0.00;92.11
graph2;graph2.py;0.00;100.00
hamming;hamming_ops.py;0.00;100.00
hashmap;hash_map.py;0.00;88.89
heap;heap.py;0.00;100.00
heapsort;heapsort.py;0.00;100.00
linked-list1;linked_list1.py;0.00;80.77
linked-list2;linked_list2.py;0.00;100.00
long-comm;longest_common_prefix.py;0.00;100.00
lru-cache;lru_cache.py;0.00;100.00
mergesort;mergesort.py;0.00;100.00
naive-tree;naive_tree.py;0.00;21.43
perm-word;permutations.py;0.00;100.00
priority-queue1;priority_queue1.py;0.00;90.00
priority-queue2;priority_queue2.py;0.00;50.00
queue;a_queue.py;0.00;100.00
quicksort;quicksort.py;0.00;100.00
rabin-karp;rabin_karp_substring_search.py;0.00;100.00
radixsort;radixsort.py;0.00;100.00
stack;stack.py;0.00;100.00
trie;trie.py;0.00;92.86
word-squares;word_squares.py;0.00;100.00
