project;test file;line coverage;branch coverage
heap;test_3-5_0-5_178;0.00;72.73
heap;test_3-5_0-7_213;0.00;68.18
heap;test_3-5_1-0_326;0.00;86.36
heap;test_3-5_1-0_310;0.00;90.91
heap;test_3-5_0-7_226;0.00;81.82
heap;test_3-5_0-0_4;0.00;72.73
heap;test_3-5_0-6_200;0.00;86.36
heap;test_3-5_0-1_50;0.00;72.73
heap;test_3-5_0-6_183;0.00;77.27
heap;test_3-5_0-5_177;0.00;86.36
heap;test_3-5_0-4_133;0.00;81.82
heap;test_3-5_1-0_328;0.00;77.27
heap;test_3-5_0-9_300;0.00;81.82
heap;test_3-5_0-3_118;0.00;72.73
heap;test_3-5_0-0_5;0.00;72.73
heap;test_3-5_0-8_250;0.00;72.73
heap;test_3-5_0-9_293;0.00;90.91
heap;test_3-5_0-4_143;0.00;77.27
heap;test_3-5_0-6_203;0.00;81.82
heap;test_3-5_0-6_181;0.00;77.27
heap;test_3-5_0-7_223;0.00;81.82
heap;test_3-5_0-2_67;0.00;77.27
heap;test_3-5_1-0_317;0.00;77.27
heap;test_3-5_1-0_321;0.00;77.27
heap;test_3-5_0-1_36;0.00;72.73
heap;test_3-5_0-8_252;0.00;72.73
heap;test_3-5_0-0_23;0.00;72.73
heap;test_3-5_0-8_264;0.00;81.82
heap;test_3-5_0-0_22;0.00;72.73
heap;test_3-5_0-3_108;0.00;77.27
heap;test_3-5_1-0_305;0.00;72.73
heap;test_3-5_0-3_107;0.00;86.36
heap;test_3-5_0-2_81;0.00;72.73
heap;test_3-5_0-0_8;0.00;72.73
heap;test_3-5_0-1_54;0.00;77.27
heap;test_3-5_0-5_152;0.00;77.27
heap;test_3-5_0-3_94;0.00;72.73
heap;test_3-5_0-4_142;0.00;72.73
heap;test_3-5_0-6_186;0.00;77.27
heap;test_3-5_0-2_64;0.00;77.27
heap;test_3-5_0-8_266;0.00;77.27
heap;test_3-5_0-3_106;0.00;72.73
heap;test_3-5_0-2_82;0.00;77.27
heap;test_3-5_0-4_134;0.00;86.36
heap;test_3-5_0-5_163;0.00;77.27
heap;test_3-5_1-0_315;0.00;72.73
heap;test_3-5_0-5_169;0.00;77.27
heap;test_3-5_0-3_100;0.00;77.27
heap;test_3-5_0-8_258;0.00;81.82
heap;test_3-5_0-4_131;0.00;77.27
heap;test_3-5_1-0_323;0.00;90.91
heap;test_3-5_0-3_92;0.00;72.73
heap;test_3-5_0-1_33;0.00;72.73
heap;test_3-5_0-0_25;0.00;72.73
heap;test_3-5_0-0_1;0.00;72.73
heap;test_3-5_0-3_113;0.00;77.27
heap;test_3-5_1-0_311;0.00;77.27
heap;test_3-5_0-1_37;0.00;72.73
heap;test_3-5_0-5_164;0.00;81.82
heap;test_3-5_0-5_157;0.00;77.27
heap;test_3-5_0-4_145;0.00;86.36
heap;test_3-5_0-3_117;0.00;81.82
heap;test_3-5_0-4_140;0.00;77.27
heap;test_3-5_0-0_18;0.00;72.73
heap;test_3-5_0-0_26;0.00;72.73
heap;test_3-5_0-1_60;0.00;72.73
heap;test_3-5_0-2_75;0.00;72.73
heap;test_3-5_0-0_30;0.00;72.73
heap;test_3-5_0-6_208;0.00;77.27
heap;test_3-5_0-8_241;0.00;81.82
heap;test_3-5_0-5_155;0.00;77.27
heap;test_3-5_0-1_47;0.00;72.73
heap;test_3-5_0-2_63;0.00;77.27
heap;test_3-5_0-0_27;0.00;72.73
heap;test_3-5_0-1_59;0.00;77.27
heap;test_3-5_0-4_132;0.00;77.27
heap;test_3-5_0-4_129;0.00;81.82
heap;test_3-5_0-1_57;0.00;72.73
heap;test_3-5_0-6_190;0.00;77.27
heap;test_3-5_0-8_261;0.00;77.27
heap;test_3-5_0-4_144;0.00;77.27
heap;test_3-5_0-6_194;0.00;86.36
heap;test_3-5_0-6_206;0.00;77.27
heap;test_3-5_0-2_69;0.00;77.27
heap;test_3-5_0-1_35;0.00;72.73
